,Names,Operating_system,Memory,Dispaly,Processor,Full_description
0,1.MSI RAIDER GE76,WINDOWS 11 HOME,2 TB SSD/16 GBGB DDR5,"17"" (3840 X 2160)",12TH GEN INTEL CORE I9-12900HK | 5 GHZ,"This is the list of the best gaming laptops anyone can find on the market. All the devices on this list are high-end gaming laptops capable of delivering an uncompromised gaming performance. The year is 2022 and the laptop OEMs have introduced us to a bunch of cutting-edge technology including 14-core CPUs, DDR5 memory, PCIe Gen 4 SSDs, and a graphic card with up to 16GB GDDR6 VRAM. Thanks to these innovations, the best gaming laptops on the market just became even better this year. Although we’re only four months into the year, we already have ten of the top gaming laptops in India. However, we will keep updating this list as soon as more powerful devices launch."
1,2.ASUS ROG STRIX SCAR 15,WINDOWS 11 HOME,2 TB SSD/32 GBGB DDR5,"15.6"" (2560 X 1440)",12TH GEN INTEL CORE I9-12900H | 2.5 GHZ,"Possibly the most high-end gaming laptop anyone can buy is the MSI Raider GTE76 2022 edition. Last year’s model was impressive that it won the Digit Zero 1 award for the best gaming laptop bar none. The current year model is no different either. It comes with an Intel 12th Gen Core i9-12900HK chip, which is a 14-core, 20-thread CPU. It is probably the most powerful processor in a laptop at the time of writing this article. It is paired with an equally capable Nvidia GeForce RTX 3080 Ti with 16GB GDDR6 VRAM featuring 175W TGP. The laptop also features 32GB DDR5 memory running in Quad-channel mode. To top it all off, the MSI Raider GE76 also comes equipped with a 2TB NVMe PCIe Gen 4 SSD to load all your files and games in an instant. If you have the budget, then the MSI Raider GE76 stands top of the list of the best gaming laptops and it’ll do so probably for a while now."
2,3.ACER NITRO 5,WINDOWS 10,1 TB HDD/16 GBGB DDR4,"15.6"" (1920 X 1080)",AMD RYZEN 9 OCTA CORE | 2.4 GHZ,AVAILABLE
3,4.MSI STEALTH 15M,WINDOWS 10,1 TB SSD/16 GBGB DDR4,"15.6"" (1920 X 1080)",INTEL CORE I7 11TH GEN - 11375H | NA,BUY ON EMI
4,5.ASUS ROG STRIX SCAR 15,WINDOWS 10,2 TB SSD/32 GBGB DDR4,"15.6"" (2560 X 1440)",AMD RYZEN 9 OCTA CORE - 5900HX | 3.3 GHZ,*0% Interest
5,6.ASUS ROG STRIX SCAR 15,WINDOWS 10 HOME,1 TB SSD/16 GBGB DDR4,"15.6"" (1920 X 1080)",AMD RYZEN™ 9 5900HX | 3.3 GHZ,*0 Down Payment
6,7.ASUS ZEPHYRUS G14,WINDOWS 10 HOME,1 TB SSD/16 GBGB DDR4,"14"" (1920 X 1080)",AMD 3RD GEN RYZEN 9 | 3.3 GHZ,*No Processing Fee
7,8.HP OMEN 16,WINDOWS 11 HOME,1 TB SSD/16 GBGB DDR4,"16.1"" (1920 X 1080)",12TH GEN INTEL CORE I7-12700H | 4.7 GHZ,"The second high-end gaming laptop on the list is the ASUS ROG Strix Scar 15 featuring an Intel 12th Gen Core i9-12900H CPU and an Nvidia RTX 3080 Ti GPU. The Intel chip is a little slower than the Core i9-12900HK mostly in multicore performance, but in most applications, the user will hardly notice a major difference. Both, the Intel Core i9-12900HK and the i9-12900H can hit the 5.00GHz boost clock, which is also a good thing. The top gaming laptop features an Nvidia RTX 3080 Ti GPU with 16GB GDDR6 VRAM and 150W TGP. The ASUS ROG Strix Scar 15 also features 32GB DDR5 memory running in quad-channel mode. For easy and fast access to all your files, the ASUS ROG Strix Scar 15 comes equipped with a PCI Gen 4 SSD as well. Overall, it is one of the top gaming laptops in India that money can buy."
8,9.ASUS ROG ZEPHYRUS DUO 15,WINDOWS 10,512 GB SSD/4 GBGB DDR4,"15.6"" (3840 X 1100)",INTEL CORE I7 10TH GEN 10875H | NA,AVAILABLE
9,10.ACER ASPIRE 7 GAMING LAPTOP,WINDOWS 10 HOME,512 GB SSD/8 GBGB DDR4,"15.6"" (1920 X 1080)",AMD RYZEN™ 5-5500U HEXA-CORE | NA,BUY ON EMI
